{
    "node_count": [
        100
    ],
    "tx_power": [
        1.0,
        1.3877551020408163,
        1.7755102040816326,
        2.163265306122449,
        2.5510204081632653,
        2.9387755102040813,
        3.326530612244898,
        3.7142857142857144,
        4.1020408163265305,
        4.489795918367347,
        4.877551020408163,
        5.26530612244898,
        5.653061224489796,
        6.040816326530612,
        6.428571428571429,
        6.816326530612245,
        7.204081632653061,
        7.591836734693877,
        7.979591836734693,
        8.36734693877551,
        8.755102040816325,
        9.142857142857142,
        9.53061224489796,
        9.918367346938775,
        10.306122448979592,
        10.693877551020408,
        11.081632653061224,
        11.46938775510204,
        11.857142857142858,
        12.244897959183673,
        12.63265306122449,
        13.020408163265305,
        13.408163265306122,
        13.795918367346939,
        14.183673469387754,
        14.571428571428571,
        14.959183673469386,
        15.346938775510203,
        15.73469387755102,
        16.122448979591837,
        16.51020408163265,
        16.89795918367347,
        17.285714285714285,
        17.6734693877551,
        18.06122448979592,
        18.448979591836736,
        18.83673469387755,
        19.224489795918366,
        19.612244897959183,
        20.0
    ],
    "duty_cycle": [
        0.01,
        0.02,
        0.03,
        0.04,
        0.05,
        0.060000000000000005,
        0.06999999999999999,
        0.08,
        0.09,
        0.09999999999999999,
        0.11,
        0.12,
        0.13,
        0.14,
        0.15000000000000002,
        0.16,
        0.17,
        0.18000000000000002,
        0.19,
        0.2,
        0.21000000000000002,
        0.22,
        0.23,
        0.24000000000000002,
        0.25,
        0.26,
        0.27,
        0.28,
        0.29000000000000004,
        0.3,
        0.31,
        0.32,
        0.33,
        0.34,
        0.35000000000000003,
        0.36000000000000004,
        0.37,
        0.38,
        0.39,
        0.4,
        0.41000000000000003,
        0.42000000000000004,
        0.43,
        0.44,
        0.45,
        0.46,
        0.47000000000000003,
        0.48000000000000004,
        0.49,
        0.5
    ]
}